12568730	Капиталисты склонны выжимать из рабочих все соки.
13942532	Давайте соберём спасательный отряд.
8746408	У этого компьютера очень чёткий экран.
2047578	Как прошло лето?
2254255	Как поживаешь?
7772138	Предки прокладывают дорогу, потомки по ней идут.
797535	SKIP
2454753	Хочешь похудеть — контролируй аппетит.
2442215	Он упал навзничь.
9423252	Они чуть не свалились со стульев.
7858035	Они добрались до гостиницы.
426897	У меня аллергия на косметику.
332513	Он искал любой возможный путь к спасению.
333947	В гостях хорошо, а дома лучше.
813587	Верёвка была недостаточно прочной и не выдержала его.
866757	У неё чистое сердце.
9991973	Она очень тревожилась.
10265783	Я ужасно волновался.
787371	Произнесите, пожалуйста, ваше имя по буквам.
358290	Я бежал изо всех сил.
3667864	Каждую зиму у меня трескаются губы.
425680	Счастливого Рождества!
419724	Сколько шашлычков из баранины ты будешь?
419806	У нас пять видов шашлыка.
2109940	Я люблю шашлык из баранины.
842681	Иными словами, он нас предал.
3327525	Он предал своих друзей ради денег.
12686378	Убийцу ещё не поймали.
9970083	Не будь так суров с детьми.
858494	Убийца признался в преступлении.
5624979	Он весь в долгах.
8738025	У неё ломило всё тело.
2029327	Он добросовестно выполнил план.
13108741	У него плоскостопие.
6047432	Лодку благополучно привели в порт.
414486	Он выкопал яму.
5556193	Здесь можно копать землю.
5091981	Это всё равно что искать иголку в стоге сена.
3890959	Врач измеряет пульс у больного.
6822730	Врач решил, что у больного частый пульс.
431520	Мэр отрицал, что брал взятку.
867616	Ты уверен, что эту ошибку можно исправить?
2030806	Последние достижения медицины весьма впечатляют.
4813405	Эта газета довольно известна в здешних местах.
332557	Ты умеешь кататься на коньках?
1941868	Он оглядел меня с головы до ног.
803365	Он снова и снова судит других.
5574859	У меня был тяжёлый день.
12574937	Наша деревня рядом с вокзалом.
2031291	Полиция обвинила его в краже.
5670767	Ты смотришь пиратские фильмы?
2032254	Вчера в магазин ворвался грабитель.
1790079	Его лицо было всё в грязи.
1919027	У него руки все в грязи.
4214160	SKIP
1371220	Его подозревали в шпионаже.
333660	Не скрывай, что ты об этом думаешь.
8842856	Подозреваемая — белая женщина.
348584	Завтра Рождество.
1319781	До Рождества уже совсем близко.
13893803	Подозрения разрушают дружбу.
1394893	В конце концов он себя погубит.
829718	Солдаты оставили свои позиции.
5856738	За это нам не заплатят дополнительно.
7771914	Хлеб делают из муки.
1419915	Она вытащила его из грязи.
9400956	Они и сами очень заняты.
13943177	Это и правда большая редкость.
932150	Кажется, я сейчас упаду в обморок.
1517477	Она сказала, что должна вернуться до сумерек.
8743959	Пациент сейчас в глубокой коме.
464768	Батарейки оплачиваются отдельно.
2474895	Общая сумма составила двадцать тысяч иен.
630264	Это подделка.
2263964	Мне пять фрикаделек.
10058503	SKIP
2620161	Я не знаю ни одного слепого.
4953016	Есть ли надежда на выздоровление?
2411904	Она только что оправилась от тяжёлой болезни.
8883779	Нам правда нужно ускорить шаг.
4844752	Какие шаги нам следует предпринять?
788174	Тебе стоит брать с него пример.
829735	Не будь таким ребёнком.
410844	Тормоз нужен, чтобы остановить машину.
2228159	Я за день трижды ел кашу из чёрного риса!
5918531	SKIP
420322	SKIP
479654	Давай я тебе положу.
1901833	Эта страна богата нефтью.
8686663	Ой, да не знаю я.
3060495	Эх, скоро экзамены. Мне конец!
623217	SKIP
8655350	Перегорели три лампочки.
2283483	Она заварила мне чай.
332567	Сверху упал камень.
1361954	Он ударился головой о скалу.
344221	Издалека скала похожа на человеческое лицо.
461616	Он повредил себе левую руку.
2081691	Она покупает украшения в ювелирном магазине.
7768145	У него зубы белые, как жемчуг.
5591011	В час пик автобусов должно быть больше.
8920786	Я промок под дождём до нитки.
9932511	По дороге домой я попал под дождь.
8883783	Он крепко держался за ветку.
8792848	Это флаг Японии.
5574498	Кто сможет раскрыть тайны океана?
332812	Ты обязан вернуть долг.
13892004	Рано или поздно она за это заплатит.
857998	Как пользоваться талонами на питание?
4970000	Можно мне купон на скидку?
1759602	За его домом течёт ручей, такой прозрачный, что видно дно.
8514598	Когда начался пожар, моя мама как раз была там.
5136717	Так совпало, что у нас один и тот же день рождения.
8652791	Ему стыдно за свою неудачу.
805095	Ей было стыдно за свою невнимательность.
804984	Ему стыдно задавать вопросы.
9432349	На них дорогие кольца.
358289	Я бежал изо всех сил.
332860	В здании школы нельзя бегать.
8654332	SKIP
13889023	Отбор в группу поддержки — завтра.
787366	Ваш зуб нужно удалить.
472862	Я нёс коробку на плече.
8727927	Я несу на плече мешок риса.
334208	Наводнение смыло много домов.
2392988	Она до сих пор сидит на шее у родителей.
9401118	SKIP
8877847	Её голос дрожал от гнева.
8500035	Я не могу это сдвинуть.
798059	Придвинь стул поближе к столу.
746065	Я из Сингапура.
847791	На склоне холма стоял домик.
10484069	SKIP
9956339	Спасибо за разъяснение.
9779549	Почему ты за меня волнуешься?
1394781	Мы беспокоимся за её безопасность.
1411709	Держитесь правой стороны.
3857689	Мост рухнул под тяжестью.
10275162	На голодный желудок не повоюешь.
627703	SKIP
860845	SKIP
1245078	Додо — вымершая птица.
6307282	Принимаются денежные пожертвования.
787202	Дарить приятнее, чем получать.
2143971	Остерегайтесь карманников.
12568721	Эта банкнота фальшивая.
380720	Деревья выделяют кислород и поглощают углекислый газ.
333725	Так может вести себя только джентльмен.
333171	Многие рабочие умерли от голода.
811269	SKIP
617704	Над нами светили луна и звёзды.
358132	Она украсила стену картинами.
1397309	Придумать отговорку, почему поздно вернулся.
9952204	Пожалуйста, верните книгу, когда дочитаете.
4764634	Теперь это моё.
896667	Не насмехайся над стариками.
334732	Прибыль турагентств резко выросла.
791670	Дует очень сильный ветер.
1790135	Не набрасывайся на еду, как свинья.
1438528	Он выглядит крепким и здоровым.
9415193	Ты точно стал сильнее, чем раньше.
651195	Лев очень сильный.
5624938	У меня до сих пор шрам после той аварии.
1790086	Дедушка разговаривал со мной, держа во рту трубку.
799308	Унитаз засорился.
801311	В центре города все дороги стоят в пробках.
2271194	Зубную пасту в тюбик обратно не засунешь.
335279	Я видел там прекрасный водопад.
13137914	SKIP
13826833	Подвал затопило.
5767608	В небе мерцают бесчисленные звёзды.
13994858	Я подмигнул ему в ответ.
10484399	Я моргал.
13931521	Твоя идея просто безупречна.
7772596	Где молоток?
8786454	Эта пьеса написана в мажоре.
11748067	SKIP
891040	SKIP
8748608	Их похоронили в братской могиле.
2254350	SKIP
11294948	Если бы он был здесь, что бы он сказал?
856672	Она очень интересуется антиквариатом.
9955961	Это самая нелепая идея, какую я слышал.
3625821	Он идёт по узкой дорожке.
336884	За холмом лежит красивая долина.
501553	Где ванная?
12267890	Замок теперь лежит в руинах.
2819994	Кислота разъела металл.
2819996	Кислота разъедает вещества, содержащие металл.
2254186	Этот нищий собирает сухой хлеб.
408246	Он богат, но живёт как нищий.
1417579	Я работаю, чтобы накопить на учёбу в университете.
3658538	Я хорошо это помню.
3106250	У каждого в душе есть свои обиды.
1788164	Я не добавлял это предложение.
8640459	SKIP
3054543	У них какие-то двусмысленные отношения.
340642	Поставьте, пожалуйста, багаж на эти весы.
787633	Я не хочу быть втянутым в это дело.
2030817	Экономика восстанавливается.
