# HSK 1: слово-пример, «В уроке», состав и подсказка для каждого знака. `npm run hsk1` переносит это в index.html.
# Колонки: знак | слово (только знаки уроков 1…N, содержит знак) | перевод слова | В уроке (слово — перевод) | состав | подсказка | пиньинь знака | аудио | озвучить текстом
# Пустые последние колонки — без изменений. Пиньинь слова считается автоматически (tools/pinyin.mjs).
# урок 1
你	你们	вы (мн. ч.)		亻 + 尔
好	你好	здравствуй		女 + 子
您	您好	здравствуйте		你 + 心 «сердце»
们	你们	вы (мн. ч.)	你们 — вы	亻 + 门 «дверь»				你们
对	对不起	извините	对不起 — извините	又 + 寸
不	不对	неверно		цельный знак
起	对不起	извините	对不起 — извините	走 + 己
没	没关系	ничего страшного	没关系 — ничего страшного	氵 + 殳
关	关系	связь, отношения	没关系 — ничего страшного	丷 + 天
系	关系	связь, отношения	没关系 — ничего страшного	丿 + 糸
一	十一	одиннадцать		цельный знак	1 черта
二	二十	двадцать		цельный знак	2 черты, нижняя длиннее
三	三十	тридцать		цельный знак	3 черты, нижняя самая длинная
十	十八	восемнадцать		цельный знак	一 раньше 丨
八	八十	восемьдесят		цельный знак	丿 раньше ㇏
六	六十	шестьдесят		亠 + 八
# урок 2
谢	谢谢	спасибо		讠 + 射
客	客气	вежливый; церемониться	不客气 — не за что	宀 + 各
气	客气	вежливый; церемониться	不客气 — не за что	цельный знак
再	再见	до свидания		цельный знак
见	再见	до свидания		冂 + 儿
# урок 3
叫	叫	звать(ся)		口 + 丩
什	什么	что	什么 — что	亻 + 十
么	什么	что	什么 — что	丿 + 厶				什么
名	名字	имя		夕 «вечер» + 口: в темноте зовёшь по имени
字	名字	имя	名字 — имя	宀 + 子: ребёнок под крышей
我	我们	мы		цельный знак	точка справа — последней
是	不是	нет; не является		日 + 𤴓
老	老师	учитель		耂 + 匕
师	老师	учитель		丨丿 + 帀
吗	是吗	правда?	вопросительная частица: 你好吗？ — как дела?	口 + 马 (звук mǎ)
学	学生	ученик, студент		⺍ + 冖 + 子
生	学生	ученик, студент	学生 — ученик, студент	цельный знак
人	中国人	китаец		цельный знак: идущий человек
中	中国	Китай	中国 — Китай	口 + 丨	вертикаль насквозь — последней
国	中国	Китай		囗 + 玉	низ рамки — последним
美	美国	Америка	美国 — Америка	⺷ + 大
# урок 4
她	她们	они (о женщинах)		女 + 也
谁	谁	кто		讠 + 隹
的	我的	мой	частица принадлежности: 我的 — мой	白 + 勺
汉	汉语	китайский язык		氵 + 又
语	汉语	китайский язык		讠 + 吾
哪	哪国	какая страна		口 + 那
呢	你呢	а ты?		口 + 尼
他	他们	они		亻 + 也
同	同学	одноклассник	同学 — одноклассник	冂 + 一 + 口	рамка снаружи, потом внутри
朋	朋友	друг		月 + 月
友	朋友	друг		𠂇 + 又
# урок 5
家	家人	семья, родные		宀 + 豕 «свинья»
有	没有	не иметь; нет		𠂇 + 月
口	人口	население	几口人 — сколько человек в семье	цельный знак	3 черты: 丨, 𠃍, 一
女	女儿	дочь		цельный знак
儿	女儿	дочь		цельный знак
几	几岁	сколько лет (ребёнку)		цельный знак
岁	几岁	сколько лет (ребёнку)		山 + 夕
了	好了	готово; хватит	частица изменения: 她四岁了 — ей уже четыре	цельный знак
今	今年	в этом году		人 + 一 + ㇇
年	今年	в этом году		цельный знак
多	多大	сколько лет		夕 + 夕
大	大家	все		цельный знак: человек раскинул руки
四	四十	сорок		囗 + 儿	рамка закрывается последней
五	五十	пятьдесят		цельный знак
七	七十	семьдесят		цельный знак
九	九十	девяносто		цельный знак
# урок 6
会	不会	не уметь		人 + 云
说	说	говорить		讠 + 兑
妈	妈妈	мама		女 + 马 (звук mǎ)
菜	中国菜	китайская кухня		艹 + 采
很	很好	очень хорошо		彳 + 艮
吃	好吃	вкусный		口 + 乞
做	做菜	готовить еду		亻 + 故
写	写字	писать иероглифы		冖 + 与
怎	怎么	как		乍 + 心
读	读	читать		讠 + 卖
这	这个	этот		文 + 辶	辶 пишется последним
个	这个	этот	счётное слово: 一个人 — один человек	人 + 丨
# урок 7
请	请问	скажите, пожалуйста		讠 + 青
问	请问	скажите, пожалуйста		门 + 口
天	今天	сегодня		一 + 大
号	几号	какое число		口 + 丂
月	一月	январь		цельный знак
星	星期	неделя	星期 — неделя	日 + 生
期	星期	неделя	星期 — неделя	其 + 月
昨	昨天	вчера		日 + 乍
明	明天	завтра		日 «солнце» + 月 «луна»
去	去年	в прошлом году		土 + 厶
校	学校	школа		木 + 交
看	看书	читать книгу		手 «рука» над 目 «глаз»
书	读书	читать; учиться		цельный знак
# урок 8
想	想家	скучать по дому		相 + 心 «сердце»
喝	喝茶	пить чай		口 + 曷
茶	茶杯	чашка для чая		艹 + 人 + 朩
子	杯子	стакан, чашка	суффикс существительных: 杯子 — стакан	цельный знак
米	米饭	варёный рис		цельный знак
饭	米饭	варёный рис		饣 «еда» + 反
下	下午	после полудня		цельный знак
午	下午	после полудня		цельный знак
商	商店	магазин	商店 — магазин	цельный знак
店	商店	магазин		广 «навес» + 占
买	买	покупать		乛 + 头
杯	杯子	стакан, чашка		木 + 不
少	多少	сколько		小 + 丿
钱	多少钱	сколько стоит		钅 «металл» + 戋
块	一块	один юань	三块 — три юаня	土 + 夬
那	那个	тот		冄 + 阝
# урок 9
小	小猫	котёнок		цельный знак	середина раньше боков
猫	小猫	котёнок		犭 «зверь» + 苗
在	在家	дома		𠂇 + 丨 + 土
狗	小狗	щенок		犭 + 句
椅	椅子	стул		木 + 奇
面	见面	встречаться	前面 — впереди	цельный знак
工	工作	работа; работать		цельный знак
作	工作	работа; работать		亻 + 乍
医	医生	врач		匚 + 矢
院	医院	больница		阝 + 完
爸	爸爸	папа		父 «отец» + 巴 (звук bā)
# урок 10
桌	桌子	стол		⺊ + 日 + 木
上	上午	до полудня		цельный знак
电	电脑	компьютер		цельный знак
脑	电脑	компьютер	电脑 — компьютер	月 + 㐫
和	和	и		禾 «злак» + 口
本	本子	тетрадь		木 + 一 (черта у корня)
里	哪里	где		田 + 土
前	前面	впереди		䒑 + 月 + 刂
后	后面	позади		𠂆 + 一 + 口
能	能	мочь (можно)		厶 + 月 + 匕 + 匕
坐	坐下	сесть		два 人 на 土 «земле»
# урок 11
现	现在	сейчас	现在 — сейчас	王 + 见
点	几点	который час		占 + 灬
分	分	минута		八 + 刀 «нож»: делить
时	时候	время, момент		日 + 寸
候	时候	время, момент	时候 — время, когда	亻 + 丨 + 矦 без 亻		hòu	hou4
回	回家	вернуться домой		囗 + 口
影	电影	фильм		景 + 彡
住	住	жить		亻 + 主
北	北京	Пекин		цельный знак: двое спиной друг к другу
京	北京	Пекин		亠 + 口 + 小
# урок 12
样	怎么样	как; какой		木 + 羊
太	不太	не очень		大 + 丶
热	热	жарко; горячий		执 + 灬 «огонь»
冷	冷	холодно		冫 «лёд» + 令
雨	下雨	идёт дождь		цельный знак: капли под небом
姐	姐姐	старшая сестра		女 + 且
来	回来	вернуться		цельный знак
身	身体	тело; здоровье		цельный знак
体	身体	тело; здоровье		亻 + 本
爱	爱人	супруг, супруга		爫 + 冖 + 友
些	这些	эти		此 + 二
水	水果	фрукты		цельный знак
果	水果	фрукты	水果 — фрукты	田 + 木: плод на дереве
# урок 13
喂	喂	алло		口 + 畏
也	也	тоже		цельный знак
习	学习	учиться	学习 — учиться	цельный знак
睡	睡觉	спать		目 «глаз» + 垂 «опускаться»
觉	睡觉	спать	睡觉 — спать	⺍ + 冖 + 见
视	电视	телевизор	电视 — телевизор	礻 + 见
喜	喜欢	нравиться	喜欢 — нравиться	壴 + 口
欢	喜欢	нравиться	喜欢 — нравиться	又 + 欠
给	给	давать; для		纟 + 合
打	打电话	звонить по телефону		扌 «рука» + 丁
话	电话	телефон		讠 + 舌 «язык»
吧	好吧	ладно		口 + 巴				好吧
# урок 14
东	东西	вещь	东西 — вещь	цельный знак
西	东西	вещь	东西 — вещь	цельный знак
苹	苹果	яблоко		艹 + 平
先	先生	господин		⺧ + 儿
开	开车	водить машину		一 + 廾
车	开车	водить машину		цельный знак
钟	分钟	минута		钅 + 中
衣	衣服	одежда		цельный знак
服	衣服	одежда		月 + 卩 + 又
漂	漂亮	красивый	漂亮 — красивый	氵 + 票
亮	漂亮	красивый	漂亮 — красивый	亠 + 口 + 冖 + 几
啊	好啊	хорошо!		口 + 阿				好啊
都	都	все; всё		者 + 阝
# урок 15
认	认识	знать, быть знакомым	认识 — знать, быть знакомым	讠 + 人
识	认识	знать, быть знакомым	认识 — знать, быть знакомым	讠 + 只		shí	shi2
高	高兴	радостный		цельный знак
兴	高兴	радостный	高兴 — радостный	цельный знак
听	听	слушать		口 + 斤
飞	飞机	самолёт		цельный знак
机	飞机	самолёт		木 + 几
出	出租车	такси		цельный знак
租	出租车	такси	出租车 — такси	禾 + 且
# ещё в HSK 1
日	生日	день рождения		цельный знак
零	零	ноль		雨 + 令
火	火车	поезд		цельный знак
站	火车站	вокзал		立 + 占
馆	饭馆	ресторан		饣 + 官
