后	商店在医院后面。	Магазин находится за больницей.
后	我的猫在椅子后面。	Моя кошка за стулом.
姐	小姐，你叫什么名字？	Девушка, как вас зовут?
姐	那个小姐是医生。	Та девушка — врач.
喂	喂，你在哪儿？	Алло, ты где?
喂	喂，你现在在家吗？	Алло, ты сейчас дома?
先	先生，你想喝什么？	Господин, что вы будете пить?
钟	我们学习了四十分钟。	Мы занимались сорок минут.
钟	你几分钟能来？	Через сколько минут ты сможешь прийти?
飞	我想坐飞机去北京。	Я хочу полететь в Пекин на самолёте.
机	飞机上有很多人。	В самолёте много людей.
馆	这个饭馆的菜很好。	В этом ресторане хорошая еда.
外	今天外边很冷。	Сегодня на улице холодно.
元	这本书二十元。	Эта книга стоит двадцать юаней.
白	我喜欢白色的衣服。	Я люблю белую одежду.
白	她的猫是白的。	Её кошка белая.
运	我每天早上运动。	Я каждое утро занимаюсь спортом.
运	你喜欢什么运动？	Какой спорт тебе нравится?
动	运动对身体很好。	Спорт очень полезен для здоровья.
动	他每天都去运动。	Он каждый день ходит заниматься спортом.
考	明天我们有考试。	Завтра у нас экзамен.
考	考试太难了。	Экзамен был слишком трудным.
试	你考试考得怎么样？	Как ты сдал экзамен?
试	考试已经开始了。	Экзамен уже начался.
百	这件衣服一百块。	Эта одежда стоит сто юаней.
右	医院在商店右边。	Больница справа от магазина.
右	我的书在右边。	Моя книга справа.
阴	今天是阴天。	Сегодня пасмурно.
阴	明天会阴吗？	Завтра будет пасмурно?
左	银行在左边。	Банк слева.
左	请往左走。	Идите, пожалуйста, налево.
斤	我买了两公斤苹果。	Я купил два килограмма яблок.
斤	这些水果一共几公斤？	Сколько всего килограммов этих фруктов?
务	服务员，请给我一杯茶。	Официант, дайте мне, пожалуйста, чашку чая.
员	这个服务员很好。	Этот официант очень хороший.
瓜	西瓜很好吃。	Арбуз очень вкусный.
晴	今天天气很晴。	Сегодня ясная погода.
晴	明天是晴天。	Завтра будет ясно.
羊	我不吃羊肉。	Я не ем баранину.
羊	这个饭馆的羊肉很好吃。	В этом ресторане очень вкусная баранина.
肉	你喜欢吃羊肉吗？	Ты любишь баранину?
肉	妈妈买了一公斤羊肉。	Мама купила килограмм баранины.
共	我坐公共汽车去学校。	Я езжу в школу на автобусе.
共	公共汽车来了。	Автобус пришёл.
汽	公共汽车上人很多。	В автобусе много людей.
汽	我们坐公共汽车去吧。	Давай поедем на автобусе.
篮	他很喜欢打篮球。	Он очень любит играть в баскетбол.
球	我们下午去打篮球。	Днём мы пойдём играть в баскетбол.
或	你想喝茶或者咖啡？	Ты хочешь чаю или кофе?
者	我们明天或者后天去。	Мы поедем завтра или послезавтра.
求	老师要求我们早点来。	Учитель потребовал, чтобы мы пришли пораньше.
求	这个要求不太高。	Это требование не слишком высокое.
响	天气影响了我的心情。	Погода повлияла на моё настроение.
响	手机响了。	Зазвонил телефон.
根	根据天气，我们明天去。	Судя по погоде, поедем завтра.
根	这是一根筷子。	Это одна палочка для еды.
据	根据老师的要求做吧。	Делай, как требует учитель.
据	根据这本书，他是对的。	Согласно этой книге, он прав.
示	他表示同意。	Он выразил согласие.
示	老师表示很满意。	Учитель сказал, что очень доволен.
低	这张桌子太低了。	Этот стол слишком низкий.
主	这是我的主要问题。	Это моя главная проблема.
主	你主要学习什么？	Что ты в основном изучаешь?
演	他是一个很有名的演员。	Он очень известный актёр.
环	这里的环境很好。	Здесь хорошая обстановка.
环	我们要保护环境。	Мы должны защищать окружающую среду.
境	学校的环境很安静。	В школе спокойная обстановка.
境	我喜欢这里的环境。	Мне нравится здешняя обстановка.
层	我住在三层。	Я живу на третьем этаже.
变	天气变冷了。	Похолодало.
变	这个城市的变化很大。	Этот город сильно изменился.
化	北京的变化很大。	Пекин сильно изменился.
极	这个蛋糕好吃极了。	Этот торт ужасно вкусный.
举	明天学校举行比赛。	Завтра в школе пройдут соревнования.
举	会议在哪儿举行？	Где пройдёт совещание?
平	他的汉语水平很高。	У него высокий уровень китайского.
蓝	天是蓝的。	Небо голубое.
文	你喜欢中国文化吗？	Тебе нравится китайская культура?
南	我家在城市的南边。	Мой дом на юге города.
南	你去过南方吗？	Ты бывал на юге?
提	我想提高我的汉语水平。	Я хочу повысить свой уровень китайского.
提	他提了一个问题。	Он задал вопрос.
黄	香蕉是黄色的。	Бананы жёлтые.
黄	我喜欢那件黄衣服。	Мне нравится та жёлтая одежда.
理	经理现在不在。	Менеджера сейчас нет.
阳	今天太阳很大。	Сегодня ярко светит солнце.
阳	太阳出来了。	Солнце вышло.
角	桌子有四个角。	У стола четыре угла.
角	这个苹果五角钱。	Это яблоко стоит пять мао.
刷	我每天早上刷牙。	Я каждое утро чищу зубы.
刷	睡觉前要刷牙。	Перед сном нужно чистить зубы.
练	我每天练习写汉字。	Я каждый день тренируюсь писать иероглифы.
街	这条街很安静。	Эта улица очень тихая.
刻	现在三点一刻。	Сейчас четверть четвёртого.
刻	我们差一刻八点见面。	Встретимся без четверти восемь.
夏	北京的夏天很热。	Летом в Пекине очень жарко.
夏	我喜欢夏天。	Я люблю лето.
春	春天来了。	Пришла весна.
春	我最喜欢春天。	Больше всего я люблю весну.
冰	冰箱里有牛奶吗？	В холодильнике есть молоко?
箱	我的行李箱很重。	Мой чемодан очень тяжёлый.
阿	阿姨，您好！	Здравствуйте, тётя!
姨	我阿姨住在北京。	Моя тётя живёт в Пекине.
宾	这个宾馆很干净。	Эта гостиница очень чистая.
冬	冬天很冷。	Зимой очень холодно.
冬	你喜欢冬天吗？	Тебе нравится зима?
秋	北京的秋天很漂亮。	Осенью в Пекине очень красиво.
秋	秋天的天气很好。	Осенью хорошая погода.
葡	我想买一些葡萄。	Я хочу купить немного винограда.
葡	这些葡萄很甜。	Этот виноград очень сладкий.
萄	你喜欢吃葡萄吗？	Ты любишь виноград?
萄	葡萄多少钱一斤？	Сколько стоит цзинь винограда?
复	我们明天复习第三课。	Завтра мы повторяем третий урок.
级	我上三年级。	Я учусь в третьем классе.
词	这个词是什么意思？	Что значит это слово?
词	我不认识这个词。	Я не знаю этого слова.
筷	我会用筷子。	Я умею пользоваться палочками.
板	老师在黑板上写字。	Учитель пишет на доске.
李	我的行李在哪儿？	Где мой багаж?
李	你的行李箱是什么颜色的？	Какого цвета твой чемодан?
连	他连早饭也没吃。	Он даже не позавтракал.
甚	他甚至不知道我的名字。	Он даже не знает моего имени.
供	学校提供午饭。	Школа обеспечивает обедом.
神	他今天很有精神。	Он сегодня очень бодрый.
此	因此我们不去了。	Поэтому мы не пойдём.
获	她获得了第一名。	Она заняла первое место.
另	另外，我还想买一本书。	Кроме того, я хочу купить ещё одну книгу.
另	这是另一个问题。	Это другой вопрос.
技	他的技术很好。	У него хорошая техника.
技	科学技术发展得很快。	Наука и техника быстро развиваются.
括	价格包括早饭。	В цену входит завтрак.
并	他很聪明，并且很努力。	Он очень умный и к тому же старательный.
并	我并不知道这件事。	Я вовсе не знал об этом.
程	这个过程很长。	Этот процесс очень долгий.
程	请说说事情的过程。	Расскажи, пожалуйста, как всё было.
嘴	他的嘴很大。	У него большой рот.
省	这样做可以省钱。	Так можно сэкономить деньги.
广	我在电视上看到了这个广告。	Я видел эту рекламу по телевизору.
广	这个广场很大。	Эта площадь очень большая.
专	这本书是专门给孩子写的。	Эта книга написана специально для детей.
规	学校规定学生不能迟到。	По правилам школы ученики не должны опаздывать.
式	这是一个正式的会议。	Это официальное совещание.
式	你们正式开始了吗？	Вы официально начали?
