荡	社会动荡让人不安。	Неспокойная обстановка в обществе тревожит людей.
滞	很多人滞留在机场。	Многие застряли в аэропорту.
陋	他们住在一个简陋的房子里。	Они живут в бедном доме.
栽	这些花是他栽培的。	Эти цветы вырастил он.
栽	他在学习怎么栽培植物。	Он учится выращивать растения.
涌	这几年涌现了很多新公司。	За последние годы появилось много новых компаний.
猎	他每年秋天都去打猎。	Каждую осень он ходит на охоту.
叹	他叹气说：“太晚了。”	Он вздохнул: «Слишком поздно».
杆	这根杆很高。	Этот шест очень высокий.
拙	他写字很笨拙。	Он неуклюже пишет.
喘	他累得直喘气。	Он задыхается от усталости.
镶	这个手表镶嵌了钻石。	Эти часы инкрустированы бриллиантами.
嵌	这个盒子镶嵌了很多宝石。	Эта шкатулка инкрустирована драгоценными камнями.
斯	他是一个很斯文的人。	Он очень воспитанный человек.
庸	他不喜欢庸俗的东西。	Он не любит пошлость.
芽	这个问题还在萌芽状态。	Эта проблема ещё в зачаточном состоянии.
芽	我们要把问题消灭在萌芽中。	Нужно пресекать проблемы в зародыше.
